{
  "schema_version": "psionic.compiled_agent.grounded_answer_model.v1",
  "artifact_id": "compiled_agent.grounded_answer.multinomial_nb_v1",
  "row_id": "compiled_agent.qwen35_9b_q4km.archlinux.consumer_gpu.v1",
  "model_family": "multinomial_naive_bayes",
  "feature_profile": "route_plus_fact_signature",
  "replay_bundle_digest": "da0e79fdfdea3b751fd90e84178b219693d5e3a348c675ebad8d4eeda25c600a",
  "training_sample_count": 19,
  "heldout_sample_count": 13,
  "vocabulary_size": 13,
  "smoothing_alpha": 1.0,
  "class_priors_log": {
    "provider_ready": -1.55814461804655,
    "provider_blocked": -2.9444389791664407,
    "wallet_balance_with_recent_earnings": -1.1526795099383855,
    "unsupported_refusal": -0.8649974374866046
  },
  "class_feature_log_probs": {
    "provider_ready": {
      "provider_blocker_count:0": -1.7578579175523736,
      "provider_blocker_count:1": -3.367295829986474,
      "provider_blockers_present:false": -1.7578579175523736,
      "provider_blockers_present:true": -3.367295829986474,
      "provider_ready:false": -3.367295829986474,
      "provider_ready:true": -1.7578579175523736,
      "route:provider_status": -1.7578579175523736,
      "route:unsupported": -3.367295829986474,
      "route:wallet_status": -3.367295829986474,
      "wallet_balance_present:true": -3.367295829986474,
      "wallet_balance_zero:false": -3.367295829986474,
      "wallet_recent_earnings_present:true": -3.367295829986474,
      "wallet_recent_earnings_zero:false": -3.367295829986474
    },
    "provider_blocked": {
      "provider_blocker_count:0": -2.833213344056216,
      "provider_blocker_count:1": -2.1400661634962708,
      "provider_blockers_present:false": -2.833213344056216,
      "provider_blockers_present:true": -2.1400661634962708,
      "provider_ready:false": -2.1400661634962708,
      "provider_ready:true": -2.833213344056216,
      "route:provider_status": -2.1400661634962708,
      "route:unsupported": -2.833213344056216,
      "route:wallet_status": -2.833213344056216,
      "wallet_balance_present:true": -2.833213344056216,
      "wallet_balance_zero:false": -2.833213344056216,
      "wallet_recent_earnings_present:true": -2.833213344056216,
      "wallet_recent_earnings_zero:false": -2.833213344056216
    },
    "wallet_balance_with_recent_earnings": {
      "provider_blocker_count:0": -3.7612001156935624,
      "provider_blocker_count:1": -3.7612001156935624,
      "provider_blockers_present:false": -3.7612001156935624,
      "provider_blockers_present:true": -3.7612001156935624,
      "provider_ready:false": -3.7612001156935624,
      "provider_ready:true": -3.7612001156935624,
      "route:provider_status": -3.7612001156935624,
      "route:unsupported": -3.7612001156935624,
      "route:wallet_status": -1.8152899666382492,
      "wallet_balance_present:true": -1.8152899666382492,
      "wallet_balance_zero:false": -1.8152899666382492,
      "wallet_recent_earnings_present:true": -1.8152899666382492,
      "wallet_recent_earnings_zero:false": -1.8152899666382492
    },
    "unsupported_refusal": {
      "provider_blocker_count:0": -3.044522437723423,
      "provider_blocker_count:1": -3.044522437723423,
      "provider_blockers_present:false": -3.044522437723423,
      "provider_blockers_present:true": -3.044522437723423,
      "provider_ready:false": -3.044522437723423,
      "provider_ready:true": -3.044522437723423,
      "route:provider_status": -3.044522437723423,
      "route:unsupported": -0.8472978603872037,
      "route:wallet_status": -3.044522437723423,
      "wallet_balance_present:true": -3.044522437723423,
      "wallet_balance_zero:false": -3.044522437723423,
      "wallet_recent_earnings_present:true": -3.044522437723423,
      "wallet_recent_earnings_zero:false": -3.044522437723423
    }
  },
  "class_default_feature_log_probs": {
    "provider_ready": -3.367295829986474,
    "provider_blocked": -2.833213344056216,
    "wallet_balance_with_recent_earnings": -3.7612001156935624,
    "unsupported_refusal": -3.044522437723423
  },
  "program_templates": {
    "provider_ready": "Provider is ready to go online.",
    "provider_blocked": "Provider is not ready to go online.",
    "wallet_balance_with_recent_earnings": "Wallet balance is {balance_sats} sats, with {recent_earnings_sats} sats of recent earnings.",
    "unsupported_refusal": "I can currently answer only provider readiness and wallet balance questions."
  },
  "missing_facts_template": "Grounded facts were unavailable.",
  "conflicting_facts_template": "Grounded facts were conflicting.",
  "source_sample_ids": [
    "sample.grounded_answer.receipt.compiled_agent.learning.openagents_provider_ready_receipt_v1",
    "sample.grounded_answer.receipt.compiled_agent.learning.openagents_provider_blocked_receipt_v1",
    "sample.grounded_answer.receipt.compiled_agent.learning.openagents_provider_readiness_variant_receipt_v1",
    "sample.grounded_answer.receipt.compiled_agent.learning.openagents_wallet_receipt_v1",
    "sample.grounded_answer.receipt.compiled_agent.learning.openagents_wallet_recent_earnings_receipt_v1",
    "sample.grounded_answer.receipt.compiled_agent.learning.openagents_recent_earnings_phrase_receipt_v1",
    "sample.grounded_answer.receipt.compiled_agent.learning.openagents_wallet_balance_variant_receipt_v1",
    "sample.grounded_answer.receipt.compiled_agent.learning.openagents_unsupported_receipt_v1",
    "sample.grounded_answer.receipt.compiled_agent.learning.openagents_unsupported_restart_rig_receipt_v1",
    "sample.grounded_answer.receipt.compiled_agent.learning.openagents_unsupported_calendar_receipt_v1",
    "sample.grounded_answer.receipt.compiled_agent.learning.openagents_ambiguous_provider_wallet_receipt_v1",
    "sample.grounded_answer.receipt.compiled_agent.learning.openagents_negated_wallet_receipt_v1",
    "sample.grounded_answer.receipt.compiled_agent.learning.openagents_wallet_exclusion_receipt_v1",
    "sample.grounded_answer.receipt.compiled_agent.learning.openagents_provider_exclusion_receipt_v1",
    "sample.grounded_answer.receipt.compiled_agent.learning.openagents_wallet_address_unsupported_receipt_v1",
    "sample.grounded_answer.receipt.compiled_agent.learning.openagents_best_provider_unsupported_receipt_v1",
    "sample.grounded_answer.receipt.compiled_agent.learning.openagents_recent_earnings_short_receipt_v1",
    "sample.grounded_answer.receipt.compiled_agent.learning.openagents_go_online_guess_receipt_v1",
    "sample.grounded_answer.receipt.compiled_agent.learning.openagents_runtime_shadow_compare_receipt_v1"
  ],