{
  "schema_version": "psionic.compiled_agent.grounded_answer_model.v1",
  "artifact_id": "compiled_agent.grounded_answer.tfidf_centroid_v1",
  "row_id": "compiled_agent.qwen35_9b_q4km.archlinux.consumer_gpu.v1",
  "model_family": "tfidf_centroid",
  "feature_profile": "normalized_tfidf_route_plus_fact_signature",
  "replay_bundle_digest": "85d108ecebb9ae71bb005709c8b643c1b7eca86058786c01d7501faa40ca9036",
  "training_sample_count": 28,
  "heldout_sample_count": 19,
  "vocabulary_size": 13,
  "smoothing_alpha": 0.0,
  "class_priors_log": {
    "provider_ready": -1.9459101490553137,
    "provider_blocked": -3.332204510175204,
    "wallet_balance_with_recent_earnings": -1.3862943611198906,
    "unsupported_refusal": -0.5596157879354228
  },
  "class_feature_log_probs": {},
  "class_default_feature_log_probs": {},
  "feature_idf_weights": {
    "provider_blocker_count:0": 2.7578579175523736,
    "provider_blocker_count:1": 3.6741486494265287,
    "provider_blockers_present:false": 2.7578579175523736,
    "provider_blockers_present:true": 3.6741486494265287,
    "provider_ready:false": 3.6741486494265287,
    "provider_ready:true": 2.7578579175523736,
    "route:provider_status": 2.575536360758419,
    "route:unsupported": 1.534082485930258,
    "route:wallet_status": 2.2878542883066384,
    "wallet_balance_present:true": 2.2878542883066384,
    "wallet_balance_zero:false": 2.2878542883066384,
    "wallet_recent_earnings_present:true": 2.2878542883066384,
    "wallet_recent_earnings_zero:false": 2.2878542883066384
  },
  "program_centroid_weights": {
    "provider_ready": {
      "provider_blocker_count:0": 0.5081873701695065,
      "provider_blockers_present:false": 0.5081873701695065,
      "provider_ready:true": 0.5081873701695065,
      "route:provider_status": 0.4745911823881719
    },
    "provider_blocked": {
      "provider_blocker_count:1": 0.5351815426259106,
      "provider_blockers_present:true": 0.5351815426259106,
      "provider_ready:false": 0.5351815426259106,
      "route:provider_status": 0.37515616654621625
    },
    "wallet_balance_with_recent_earnings": {
      "route:wallet_status": 0.447213595499958,
      "wallet_balance_present:true": 0.447213595499958,
      "wallet_balance_zero:false": 0.447213595499958,
      "wallet_recent_earnings_present:true": 0.447213595499958,
      "wallet_recent_earnings_zero:false": 0.447213595499958
    },
    "unsupported_refusal": {
      "route:unsupported": 1.0
    }
  },
  "program_bias_scores": {
    "provider_ready": -0.19459101490553135,
    "provider_blocked": -0.3332204510175204,
    "wallet_balance_with_recent_earnings": -0.13862943611198905,
    "unsupported_refusal": -0.05596157879354228
  },
  "program_templates": {
    "provider_ready": "Provider is ready to go online.",
    "provider_blocked": "Provider is not ready to go online.",
    "wallet_balance_with_recent_earnings": "Wallet balance is {balance_sats} sats, with {recent_earnings_sats} sats of recent earnings.",
    "unsupported_refusal": "I can currently answer only provider readiness and wallet balance questions."
  },
  "missing_facts_template": "Grounded facts were unavailable.",
  "conflicting_facts_template": "Grounded facts were conflicting.",
  "source_sample_ids": [
    "sample.grounded_answer.receipt.compiled_agent.learning.openagents_provider_ready_receipt_v1",
    "sample.grounded_answer.receipt.compiled_agent.learning.openagents_provider_blocked_receipt_v1",
    "sample.grounded_answer.receipt.compiled_agent.learning.openagents_provider_readiness_variant_receipt_v1",
    "sample.grounded_answer.receipt.compiled_agent.learning.openagents_wallet_receipt_v1",
    "sample.grounded_answer.receipt.compiled_agent.learning.openagents_wallet_recent_earnings_receipt_v1",
    "sample.grounded_answer.receipt.compiled_agent.learning.openagents_recent_earnings_phrase_receipt_v1",
    "sample.grounded_answer.receipt.compiled_agent.learning.openagents_wallet_balance_variant_receipt_v1",
    "sample.grounded_answer.receipt.compiled_agent.learning.openagents_unsupported_receipt_v1",
    "sample.grounded_answer.receipt.compiled_agent.learning.openagents_unsupported_restart_rig_receipt_v1",
    "sample.grounded_answer.receipt.compiled_agent.learning.openagents_unsupported_calendar_receipt_v1",
    "sample.grounded_answer.receipt.compiled_agent.learning.openagents_schedule_call_training_receipt_v1",
    "sample.grounded_answer.receipt.compiled_agent.learning.openagents_ambiguous_provider_wallet_receipt_v1",
    "sample.grounded_answer.receipt.compiled_agent.learning.openagents_wallet_provider_compare_training_receipt_v1",
    "sample.grounded_answer.receipt.compiled_agent.learning.openagents_wait_wallet_earnings_training_receipt_v1",
    "sample.grounded_answer.receipt.compiled_agent.learning.openagents_provider_wallet_better_training_receipt_v1",
    "sample.grounded_answer.receipt.compiled_agent.learning.openagents_wallet_grow_compare_training_receipt_v1",
    "sample.grounded_answer.receipt.compiled_agent.learning.openagents_negated_wallet_receipt_v1",
    "sample.grounded_answer.receipt.compiled_agent.learning.openagents_wallet_exclusion_receipt_v1",
    "sample.grounded_answer.receipt.compiled_agent.learning.openagents_provider_exclusion_receipt_v1",
    "sample.grounded_answer.receipt.compiled_agent.learning.openagents_ignore_provider_wallet_training_receipt_v1",
    "sample.grounded_answer.receipt.compiled_agent.learning.openagents_wallet_address_unsupported_receipt_v1",
    "sample.grounded_answer.receipt.compiled_agent.learning.openagents_best_provider_unsupported_receipt_v1",
    "sample.grounded_answer.receipt.compiled_agent.learning.openagents_recent_earnings_short_receipt_v1",
    "sample.grounded_answer.receipt.compiled_agent.learning.openagents_go_online_guess_receipt_v1",
    "sample.grounded_answer.receipt.compiled_agent.learning.openagents_ignore_wallet_compare_provider_training_receipt_v1",
    "sample.grounded_answer.receipt.compiled_agent.learning.openagents_without_provider_compare_wallet_training_receipt_v1",
    "sample.grounded_answer.receipt.compiled_agent.learning.openagents_dont_compare_wallet_provider_poem_training_receipt_v1",
    "sample.grounded_answer.receipt.compiled_agent.learning.openagents_runtime_shadow_compare_receipt_v1"
  ],