{
  "schema_version": "psionic.compiled_agent.route_model.v1",
  "artifact_id": "compiled_agent.route.multinomial_nb_v1",
  "row_id": "compiled_agent.qwen35_9b_q4km.archlinux.consumer_gpu.v1",
  "model_family": "multinomial_naive_bayes",
  "feature_profile": "unigram_plus_bigram",
  "replay_bundle_digest": "10db964a6bd27a5e3c7fe6e3d2e4636668f3e7e9b93d071b329534e1046b4f18",
  "training_sample_count": 12,
  "heldout_sample_count": 6,
  "vocabulary_size": 102,
  "smoothing_alpha": 1.0,
  "class_priors_log": {
    "provider_status": -1.3862943611198906,
    "wallet_status": -1.0986122886681098,
    "unsupported": -0.8754687373538999
  },
  "class_feature_log_probs": {
    "provider_status": {
      "bigram:a__calendar": -4.962844630259907,
      "bigram:a__poem": -4.962844630259907,
      "bigram:about__gpus": -4.962844630259907,
      "bigram:and__what": -4.962844630259907,
      "bigram:are__in": -4.962844630259907,
      "bigram:are__my": -4.962844630259907,
      "bigram:are__the": -4.962844630259907,
      "bigram:balance__first": -4.962844630259907,
      "bigram:balance__write": -4.962844630259907,
      "bigram:calendar__reminder": -4.962844630259907,
      "bigram:can__i": -4.269697449699962,
      "bigram:can__t": -4.269697449699962,
      "bigram:check__the": -4.962844630259907,
      "bigram:create__a": -4.962844630259907,
      "bigram:do__not": -4.962844630259907,
      "bigram:earnings__in": -4.962844630259907,
      "bigram:for__me": -4.269697449699962,
      "bigram:for__tomorrow": -4.962844630259907,
      "bigram:go__online": -3.5765502691400166,
      "bigram:how__many": -4.962844630259907,
      "bigram:i__go": -3.8642323415917974,
      "bigram:in__sats": -4.962844630259907,
      "bigram:in__the": -4.962844630259907,
      "bigram:is__the": -4.269697449699962,
      "bigram:many__sats": -4.962844630259907,
      "bigram:me__the": -4.962844630259907,
      "bigram:me__to": -4.269697449699962,
      "bigram:mining__rig": -4.962844630259907,
      "bigram:my__mining": -4.962844630259907,
      "bigram:my__recent": -4.962844630259907,
      "bigram:not__tell": -4.962844630259907,
      "bigram:online__or": -4.962844630259907,
      "bigram:online__right": -4.269697449699962,
      "bigram:online__yet": -4.269697449699962,
      "bigram:or__check": -4.962844630259907,
      "bigram:poem__about": -4.962844630259907,
      "bigram:provider__ready": -4.269697449699962,
      "bigram:ready__for": -4.269697449699962,
      "bigram:recent__earnings": -4.962844630259907,
      "bigram:reminder__for": -4.962844630259907,
      "bigram:restart__my": -4.962844630259907,
      "bigram:right__now": -4.269697449699962,
      "bigram:sats__are": -4.962844630259907,
      "bigram:should__i": -4.962844630259907,
      "bigram:t__i": -4.269697449699962,
      "bigram:tell__me": -4.962844630259907,
      "bigram:the__provider": -4.269697449699962,
      "bigram:the__recent": -4.962844630259907,
      "bigram:the__wallet": -4.962844630259907,
      "bigram:to__go": -4.269697449699962,
      "bigram:wallet__and": -4.962844630259907,
      "bigram:wallet__balance": -4.962844630259907,
      "bigram:what__are": -4.962844630259907,
      "bigram:why__can": -4.269697449699962,
      "bigram:write__a": -4.962844630259907,
      "token:a": -4.962844630259907,
      "token:about": -4.962844630259907,
      "token:and": -4.962844630259907,
      "token:are": -4.962844630259907,
      "token:balance": -4.962844630259907,
      "token:calendar": -4.962844630259907,
      "token:can": -3.8642323415917974,
      "token:check": -4.962844630259907,
      "token:create": -4.962844630259907,
      "token:do": -4.962844630259907,
      "token:earnings": -4.962844630259907,
      "token:first": -4.962844630259907,
      "token:for": -4.269697449699962,
      "token:go": -3.5765502691400166,
      "token:gpus": -4.962844630259907,
      "token:how": -4.962844630259907,
      "token:i": -3.8642323415917974,
      "token:in": -4.962844630259907,
      "token:is": -4.269697449699962,
      "token:many": -4.962844630259907,
      "token:me": -4.269697449699962,
      "token:mining": -4.962844630259907,
      "token:my": -4.962844630259907,
      "token:not": -4.962844630259907,
      "token:now": -4.269697449699962,
      "token:online": -3.5765502691400166,
      "token:or": -4.962844630259907,
      "token:poem": -4.962844630259907,
      "token:provider": -4.269697449699962,
      "token:ready": -4.269697449699962,
      "token:recent": -4.962844630259907,
      "token:reminder": -4.962844630259907,
      "token:restart": -4.962844630259907,
      "token:rig": -4.962844630259907,
      "token:right": -4.269697449699962,
      "token:sats": -4.962844630259907,
      "token:should": -4.962844630259907,
      "token:t": -4.269697449699962,
      "token:tell": -4.962844630259907,
      "token:the": -4.269697449699962,
      "token:to": -4.269697449699962,
      "token:tomorrow": -4.962844630259907,
      "token:wallet": -4.962844630259907,
      "token:what": -4.962844630259907,
      "token:why": -4.269697449699962,
      "token:write": -4.962844630259907,
      "token:yet": -4.269697449699962
    },
    "wallet_status": {
      "bigram:a__calendar": -5.0875963352323845,
      "bigram:a__poem": -5.0875963352323845,
      "bigram:about__gpus": -5.0875963352323845,
      "bigram:and__what": -4.394449154672439,
      "bigram:are__in": -3.9889840465642745,
      "bigram:are__my": -4.394449154672439,
      "bigram:are__the": -4.394449154672439,
      "bigram:balance__first": -5.0875963352323845,
      "bigram:balance__write": -5.0875963352323845,
      "bigram:calendar__reminder": -5.0875963352323845,
      "bigram:can__i": -5.0875963352323845,
      "bigram:can__t": -5.0875963352323845,
      "bigram:check__the": -5.0875963352323845,
      "bigram:create__a": -5.0875963352323845,
      "bigram:do__not": -5.0875963352323845,
      "bigram:earnings__in": -4.394449154672439,
      "bigram:for__me": -5.0875963352323845,
      "bigram:for__tomorrow": -5.0875963352323845,
      "bigram:go__online": -5.0875963352323845,
      "bigram:how__many": -3.9889840465642745,
      "bigram:i__go": -5.0875963352323845,
      "bigram:in__sats": -4.394449154672439,
      "bigram:in__the": -3.9889840465642745,
      "bigram:is__the": -5.0875963352323845,
      "bigram:many__sats": -3.9889840465642745,
      "bigram:me__the": -4.394449154672439,
      "bigram:me__to": -5.0875963352323845,
      "bigram:mining__rig": -5.0875963352323845,
      "bigram:my__mining": -5.0875963352323845,
      "bigram:my__recent": -4.394449154672439,
      "bigram:not__tell": -5.0875963352323845,
      "bigram:online__or": -5.0875963352323845,
      "bigram:online__right": -5.0875963352323845,
      "bigram:online__yet": -5.0875963352323845,
      "bigram:or__check": -5.0875963352323845,
      "bigram:poem__about": -5.0875963352323845,
      "bigram:provider__ready": -5.0875963352323845,
      "bigram:ready__for": -5.0875963352323845,
      "bigram:recent__earnings": -3.9889840465642745,
      "bigram:reminder__for": -5.0875963352323845,
      "bigram:restart__my": -5.0875963352323845,
      "bigram:right__now": -5.0875963352323845,
      "bigram:sats__are": -3.9889840465642745,
      "bigram:should__i": -5.0875963352323845,
      "bigram:t__i": -5.0875963352323845,
      "bigram:tell__me": -4.394449154672439,
      "bigram:the__provider": -5.0875963352323845,
      "bigram:the__recent": -4.394449154672439,
      "bigram:the__wallet": -3.7013019741124937,
      "bigram:to__go": -5.0875963352323845,
      "bigram:wallet__and": -4.394449154672439,
      "bigram:wallet__balance": -4.394449154672439,
      "bigram:what__are": -3.9889840465642745,
      "bigram:why__can": -5.0875963352323845,
      "bigram:write__a": -5.0875963352323845,
      "token:a": -5.0875963352323845,
      "token:about": -5.0875963352323845,
      "token:and": -4.394449154672439,
      "token:are": -3.4781584227982836,