{
  "schema_version": "psionic.compiled_agent.grounded_answer_model.v1",
  "artifact_id": "compiled_agent.grounded_answer.multinomial_nb_v1",
  "row_id": "compiled_agent.qwen35_9b_q4km.archlinux.consumer_gpu.v1",
  "model_family": "multinomial_naive_bayes",
  "feature_profile": "route_plus_fact_signature",
  "replay_bundle_digest": "a046cd4a216178f44d92e720fcc18c4caf7dd4de1e4826931dd9179f97fee4f8",
  "training_sample_count": 18,
  "heldout_sample_count": 12,
  "vocabulary_size": 13,
  "smoothing_alpha": 1.0,
  "class_priors_log": {
    "provider_ready": -1.5040773967762742,
    "provider_blocked": -2.890371757896165,
    "wallet_balance_with_recent_earnings": -1.0986122886681098,
    "unsupported_refusal": -0.9444616088408514
  },
  "class_feature_log_probs": {
    "provider_ready": {
      "provider_blocker_count:0": -1.7578579175523736,
      "provider_blocker_count:1": -3.367295829986474,
      "provider_blockers_present:false": -1.7578579175523736,
      "provider_blockers_present:true": -3.367295829986474,
      "provider_ready:false": -3.367295829986474,
      "provider_ready:true": -1.7578579175523736,
      "route:provider_status": -1.7578579175523736,
      "route:unsupported": -3.367295829986474,
      "route:wallet_status": -3.367295829986474,
      "wallet_balance_present:true": -3.367295829986474,
      "wallet_balance_zero:false": -3.367295829986474,
      "wallet_recent_earnings_present:true": -3.367295829986474,
      "wallet_recent_earnings_zero:false": -3.367295829986474
    },
    "provider_blocked": {
      "provider_blocker_count:0": -2.833213344056216,
      "provider_blocker_count:1": -2.1400661634962708,
      "provider_blockers_present:false": -2.833213344056216,
      "provider_blockers_present:true": -2.1400661634962708,
      "provider_ready:false": -2.1400661634962708,
      "provider_ready:true": -2.833213344056216,
      "route:provider_status": -2.1400661634962708,
      "route:unsupported": -2.833213344056216,
      "route:wallet_status": -2.833213344056216,
      "wallet_balance_present:true": -2.833213344056216,
      "wallet_balance_zero:false": -2.833213344056216,
      "wallet_recent_earnings_present:true": -2.833213344056216,
      "wallet_recent_earnings_zero:false": -2.833213344056216
    },
    "wallet_balance_with_recent_earnings": {
      "provider_blocker_count:0": -3.7612001156935624,
      "provider_blocker_count:1": -3.7612001156935624,
      "provider_blockers_present:false": -3.7612001156935624,
      "provider_blockers_present:true": -3.7612001156935624,
      "provider_ready:false": -3.7612001156935624,
      "provider_ready:true": -3.7612001156935624,
      "route:provider_status": -3.7612001156935624,
      "route:unsupported": -3.7612001156935624,
      "route:wallet_status": -1.8152899666382492,
      "wallet_balance_present:true": -1.8152899666382492,
      "wallet_balance_zero:false": -1.8152899666382492,
      "wallet_recent_earnings_present:true": -1.8152899666382492,
      "wallet_recent_earnings_zero:false": -1.8152899666382492
    },
    "unsupported_refusal": {
      "provider_blocker_count:0": -2.995732273553991,
      "provider_blocker_count:1": -2.995732273553991,
      "provider_blockers_present:false": -2.995732273553991,
      "provider_blockers_present:true": -2.995732273553991,
      "provider_ready:false": -2.995732273553991,
      "provider_ready:true": -2.995732273553991,
      "route:provider_status": -2.995732273553991,
      "route:unsupported": -0.916290731874155,
      "route:wallet_status": -2.995732273553991,
      "wallet_balance_present:true": -2.995732273553991,
      "wallet_balance_zero:false": -2.995732273553991,
      "wallet_recent_earnings_present:true": -2.995732273553991,
      "wallet_recent_earnings_zero:false": -2.995732273553991
    }
  },
  "class_default_feature_log_probs": {
    "provider_ready": -3.367295829986474,
    "provider_blocked": -2.833213344056216,
    "wallet_balance_with_recent_earnings": -3.7612001156935624,
    "unsupported_refusal": -2.995732273553991
  },
  "program_templates": {
    "provider_ready": "Provider is ready to go online.",
    "provider_blocked": "Provider is not ready to go online.",
    "wallet_balance_with_recent_earnings": "Wallet balance is {balance_sats} sats, with {recent_earnings_sats} sats of recent earnings.",
    "unsupported_refusal": "I can currently answer only provider readiness and wallet balance questions."
  },
  "missing_facts_template": "Grounded facts were unavailable.",
  "conflicting_facts_template": "Grounded facts were conflicting.",
  "source_sample_ids": [
    "sample.grounded_answer.receipt.compiled_agent.learning.openagents_provider_ready_receipt_v1",
    "sample.grounded_answer.receipt.compiled_agent.learning.openagents_provider_blocked_receipt_v1",
    "sample.grounded_answer.receipt.compiled_agent.learning.openagents_provider_readiness_variant_receipt_v1",
    "sample.grounded_answer.receipt.compiled_agent.learning.openagents_wallet_receipt_v1",
    "sample.grounded_answer.receipt.compiled_agent.learning.openagents_wallet_recent_earnings_receipt_v1",
    "sample.grounded_answer.receipt.compiled_agent.learning.openagents_recent_earnings_phrase_receipt_v1",
    "sample.grounded_answer.receipt.compiled_agent.learning.openagents_wallet_balance_variant_receipt_v1",
    "sample.grounded_answer.receipt.compiled_agent.learning.openagents_unsupported_receipt_v1",
    "sample.grounded_answer.receipt.compiled_agent.learning.openagents_unsupported_restart_rig_receipt_v1",
    "sample.grounded_answer.receipt.compiled_agent.learning.openagents_unsupported_calendar_receipt_v1",
    "sample.grounded_answer.receipt.compiled_agent.learning.openagents_ambiguous_provider_wallet_receipt_v1",
    "sample.grounded_answer.receipt.compiled_agent.learning.openagents_negated_wallet_receipt_v1",
    "sample.grounded_answer.receipt.compiled_agent.learning.openagents_wallet_exclusion_receipt_v1",
    "sample.grounded_answer.receipt.compiled_agent.learning.openagents_provider_exclusion_receipt_v1",
    "sample.grounded_answer.receipt.compiled_agent.learning.openagents_wallet_address_unsupported_receipt_v1",
    "sample.grounded_answer.receipt.compiled_agent.learning.openagents_best_provider_unsupported_receipt_v1",
    "sample.grounded_answer.receipt.compiled_agent.learning.openagents_recent_earnings_short_receipt_v1",
    "sample.grounded_answer.receipt.compiled_agent.learning.openagents_go_online_guess_receipt_v1"
  ],
  "heldout_sample_ids": [
    "heldout.grounded_answer.receipt.compiled_agent.learning.openagents_provider_account_ready_receipt_v1",
    "heldout.grounded_answer.receipt.compiled_agent.learning.openagents_wallet_balance_phrase_receipt_v1",
    "heldout.grounded_answer.receipt.compiled_agent.learning.openagents_ambiguous_provider_wallet_heldout_receipt_v1",
    "heldout.grounded_answer.receipt.compiled_agent.learning.openagents_negated_provider_receipt_v1",
    "heldout.grounded_answer.receipt.compiled_agent.learning.openagents_wallet_earnings_phrase_heldout_receipt_v1",
    "heldout.grounded_answer.receipt.compiled_agent.learning.openagents_unsupported_schedule_meeting_receipt_v1",
    "heldout.grounded_answer.receipt.compiled_agent.learning.openagents_wallet_address_heldout_receipt_v1",
    "heldout.grounded_answer.receipt.compiled_agent.learning.openagents_best_provider_heldout_receipt_v1",
    "heldout.grounded_answer.receipt.compiled_agent.learning.openagents_negated_wallet_provider_heldout_receipt_v1",
    "heldout.grounded_answer.receipt.compiled_agent.learning.openagents_negated_provider_wallet_heldout_receipt_v1",
    "heldout.grounded_answer.receipt.compiled_agent.learning.openagents_wallet_recent_earnings_short_heldout_receipt_v1",
    "heldout.grounded_answer.receipt.compiled_agent.learning.openagents_wallet_provider_compare_heldout_receipt_v1"
  ],
  "training_accuracy": 1.0,
  "heldout_accuracy": 0.8333333,